Fashion Sport Men's Stainless Steel Case Leather Band Quartz Analog Wrist Watch,$0.99 ,US
,,
Luxury New Geneva Women Watch Stainless Steel Men's Quartz Analog Wrist Watches,$3.99 ,US
,,
Fashion Men's Leather Military Casual Analog Quartz Wrist Watch Business Watches,$3.99 ,US
,,
SKMEI Men's Solar Power Sport Dual Time Waterproof Digital Analog Wrist Watch,7.77,GBP
,,
SEIKO DIVER 6309-729A GODZILLA FACE MOD AUTOMATIC MENS WATCH 650583,,
,,
Watch START Mechanical Men's Wristwatch 2MCHZ 17 JEWELS Vintage Style USSR,$89.99 ,US
,,
VINTAGE MEN'S SEIKO 5 6309-8920 D/D 35MM AUTOMATIC JAPAN MADE WRIST WATCH A9556,,
,,
Luxury Classic Men Watch Steel Waterproof Leather Military Sport Quartz Watch,,
,,
vintage seiko 5 automatic mens watch,45,GBP
,,
Fashionable men's leather strap military alloy pointer quartz watch,$2.69 ,US
,,
"Men’s Watch ASG Good Condition Boxed Ltd Edition Rose Gold Face, Leather Strap ",34.99,GBP
,,
SEIKO DIVER 6309-7290 BLACK GOLD SPORTS MOD AUTOMATIC MENS WATCH 705946,,
,,
One Hand Luch Mechanical Wristwatch Men's leather Vintage Silver 77471762 RUS,$48.98 ,US
,,
Mens Automatic Mechanical Watch Silver White Dial ,,
,,
Men's Solar Power Sport Dual Time LED Digital Waterproof Analog Quartz Watch,7.95,GBP
,,
Men's Quartz Watch Sport Chronograph PU Band Business Casual Fashion Wristwatch,$24.90 ,US
,,
Mens Double Flywheel Leather Luxury Bling Skeleton Automatic Mechanical Watch,$88.95 ,US
,,
Men's Sports Fashion LED Digital Wrist Watch Multi-Function Water-resisant Watch,$14.97 ,AU
,,
Seiko 5 SNKK25K1 Automatic Stainless Steel Analog Men's Watch,$107.00 ,US
,,
VINTAGE MEN'S 6309 SEIKO 5 AUTOMATIC DAY DATE WRIST WATCH IN EXCELLENT CONDITION,24.99,GBP
,,
Breil Milano BW0331 Men's Black Oblong Chronograph Date Leather Watch,,
,,
VINTAGE MEN'S 7009 SEIKO 5 AUTOMATIC DAY DATE WRIST WATCH IN EXCELLENT CONDITION,24.99,GBP
,,
Luxury Daytona Watch Mens Automatic Mechanical Wristwatches,$92.00 ,US
,,
Breil Milano Men's Manta BW0401 Black Rose Gold Tone Analog Date Resin Watch,,
,,
Mens G-Shock Watch White Black Grey Silver Casio Digital Water Resist 20 Bar,99.99,GBP
,,
PRODIVER ORANGE MODDED SEIKO DIVER 7002-7000 AUTOMATIC MEN'S WATCH 183694,,
,,
Top Brand Watch Men Stainless Steel Business Date Waterproof,40.24,GBP
,,
New Oris Artix GT Day Date Grey Dial Men's Watch 01 735 7751 4153-07 8 21 87,$702.00 ,US
,,
LORD ELGIN Aquamaster Automatic Day & Date Stainless Steel 35mm Mens Watch RARE!,,
,,
Skagen Ancher SKW6104 Men's Watch Quartz,$120.64 ,US
,,
Breil Milano BW0321 Men's Black Round Analog Date Stainless Steel Leather Watch,,
,,
One Hand Luch Mechanical Wristwatch Men's leather Vintage White 337477760 RUS,$48.98 ,US
,,
VINTAGE MEN'S SEIKO 5 AUTOMATIC DAY & DATE WRIST WATCH IN EXCELLENT CONDITION,24.99,GBP
,,
Men's watch Fossil jr-1353. Chronograph. Stainless steel.,,
,,
VINTAGE MEN'S SEIKO 5 AUTOMATIC DAY & DATE WRIST WATCH IN EXCELLENT CONDITION,24.99,GBP
,,
Seiko 5 SNKK09K1 Automatic Stainless Steel Analog Men's Watch,$107.00 ,US
,,
VINTAGE MEN LE GRAN WRIST WATCH SUPERERAUTOMATIC INCABLOC SELFWINDING 17 JEWELs,,
,,
Chronograph Steel Men's Watch,$12.99 ,US
,,
NEW Waterproof Luminous Kids Men's Outdoor Sport Wrist Watch LED Digital Watch,11.59,GBP
,,
"Digital Watch,Kids Sport Watch,50M Waterproof Swimming Wristwatch,LED Men Watch",6.95,GBP
,,
Abercombie & Fitch Limited Edition Men's Watch -  RRP £270 - 1,117.99,GBP
,,
Vintage Timex Automatic manual wind Men's Watch heavy bezel with day/date,,
,,
Invicta Men's Speedway Chronograph 100m Gunmetal Stainless Steel Watch 21800,$134.91 ,AU
,,
VINTAGE MEN'S SEIKO 5 AUTOMATIC DAY & DATE WRIST WATCH IN EXCELLENT CONDITION,24.99,GBP
,,
Fila FA0848-R-L Barocco Men's Round Analog Rose Gold Tone Black Silicone Watch,,
,,
Seiko 5 SNK617K1 Automatic Stainless Steel Analog Men's Watch,$107.00 ,US
,,
CORGEUT 41mm White Dial Date Stainless Steel Case Sapphire Luminous Mens Watch,,
,,
Men's Boccia Titanium Date Watch - Black Silicone Band w/ Box ,$75.00 ,US
,,
Gv2 By Gevril Men's 9925 Scuderia Multifunction Chronograph Swiss Leather Watch,$595.00 ,US
,,
MONTRE OMEGA AUTOMATIC VINTAGE HOMME  MEN WATCH ARMBANDUHR OROLOGIO RELOJ ,,
,,
Caravelle by Bulova 44C100 Men's Rose Gold Tone Day & Date Brown Leather Watch,$109.99 ,US
,,
Emporio Armani Classic AR2500 Men's Watch Quartz,87.43,GBP
,,
Citizens Quartz Mens Watch 6355-631191,,
,,
UNUSED SEIKO 5 AUTOMATIC SILVER DIAL CAL.6309 MEN'S JAPAN VINTAGE WRIST WATCH,$27.49 ,US
,,
OLD VINTAGE SEIKO 5 AUTOMATIC JAPAN MEN'S DAY/DATE WATCH 443a-a221573-3,,
,,
VINTAGE UNUSED CITIZEN AUTOMATIC JAPAN MEN'S DAY/DATE GP WATCH 426f-a213543-3,,
,,
OLD VINTAGE SEIKO 5 AUTOMATIC JAPAN MEN'S DAY/DATE WATCH 436-a218974-3,,
,,
VINTAGE UNUSED CITIZEN AUTOMATIC JAPAN MEN'S D/D GP WATCH 443d-a222579-5,,
,,
VINTAGE UNUSED CITIZEN AUTOMATIC JAPAN MEN'S DATE WATCH 413d-a206165-3,,
,,
Seiko quartz men gold plated black dial japan made wrist watch run order,$23.99 ,US
,,
Seiko quartz men gold plated white dial japan made wrist watch run order,$23.99 ,US
,,
seiko quartz gold plated men's wrist watch run order,$22.99 ,US
,,
seiko quartz super slim big face men's gold plated japan made watch run order,$24.99 ,US
